prompt_type,correct,total,accuracy,standard_error,ci95_low,ci95_high
axioms_ontology_v2,4,8,0.5000,0.176777,0.2152,0.7848
classification,4,8,0.5000,0.176777,0.2152,0.7848
features,4,8,0.5000,0.176777,0.2152,0.7848
nle,4,8,0.5000,0.176777,0.2152,0.7848
rulebased,4,8,0.5000,0.176777,0.2152,0.7848
