config_n,mean_acc_k1,mean_acc_k5,delta_k5_minus_k1,wilcoxon_W,p_value,n_pairs
2,0.9354166666666668,0.9958333333333332,0.06041666666666645,0.0,6.908416873891883e-06,26
3,0.8854166666666666,0.959375,0.07395833333333335,222.0,9.053479181552151e-05,49
4,0.8510416666666666,0.9260416666666668,0.07500000000000018,136.0,8.253457874327256e-06,46
pooled,0.890625,0.9604166666666667,0.0697916666666667,868.0,1.9676317085053807e-13,121
