config_k,mean_acc_n2,mean_acc_n3,mean_acc_n4,friedman_chi2,p_value,n_pairs
1,0.9354166666666668,0.8854166666666666,0.8510416666666666,31.293023255814088,1.602530629257548e-07,80
5,0.9958333333333332,0.959375,0.9260416666666668,50.12280701754399,1.3060829118323288e-11,80
pooled,0.965625,0.9223958333333332,0.8885416666666666,75.19148936170222,4.7030061001935686e-17,160
