config_k,n_a,n_b,mean_a,mean_b,delta_a_minus_b,wilcoxon_W,p_raw,p_bonferroni,n_pairs
1,2,3,0.9354166666666668,0.8854166666666666,0.050000000000000155,334.5,0.008896397328095561,0.026689191984286684,48
1,2,4,0.9354166666666668,0.8510416666666666,0.0843750000000002,106.5,8.110668753844806e-08,2.433200626153442e-07,52
1,3,4,0.8854166666666666,0.8510416666666666,0.034375000000000044,542.0,0.08225823858306547,0.2467747157491964,54
5,2,3,0.9958333333333332,0.959375,0.03645833333333326,3.0,0.0004331720472610156,0.0012995161417830468,17
5,2,4,0.9958333333333332,0.9260416666666668,0.06979166666666647,0.0,2.2984253084832112e-07,6.895275925449634e-07,34
5,3,4,0.959375,0.9260416666666668,0.033333333333333215,17.0,7.092248115747238e-06,2.1276744347241712e-05,29
pooled,2,3,0.965625,0.9223958333333332,0.04322916666666676,465.0,6.507750941537737e-05,0.0001952325282461321,65
pooled,2,4,0.965625,0.8885416666666666,0.07708333333333339,171.5,1.2902812288115362e-13,3.8708436864346086e-13,86
pooled,3,4,0.9223958333333332,0.8885416666666666,0.03385416666666663,955.5,0.00029259823606863673,0.0008777947082059102,83
